<resources>
    <dimen name="custom_toolbar_height">50dp</dimen>
    <dimen name="custom_toolbar_image_width">50dp</dimen>
    <dimen name="custom_dialog_width">250dp</dimen>
    <dimen name="custom_dialog_button_width">100dp</dimen>
    <dimen name="custom_dialog_button_height">40dp</dimen>
    <dimen name="progress_size">60dp</dimen>

    <dimen name="login_sns_img_size">48dip</dimen>
    <dimen name="list_up_btn_size">46.5dip</dimen>
    <dimen name="talk_more_layout_height">100dip</dimen>
    <dimen name="talk_more_img_size">68.5dip</dimen>
    <dimen name="item_administration_img_size">63.5dip</dimen>
    <dimen name="good_img_height">137.5dip</dimen>
    <dimen name="good_img_width">170dip</dimen>
    <dimen name="interest_img_height">137.5dip</dimen>
    <dimen name="interest_img_width">170dip</dimen>
    <dimen name="popup_notify_width">250dip</dimen>
    <dimen name="popup_profile_width">300dip</dimen>

    <dimen name="default_margin_16dp">16dp</dimen>
    <dimen name="default_margin_32dp">32dp</dimen>

    <dimen name="default_margin_0dp">0dp</dimen>
    <dimen name="default_margin_1dp">1dp</dimen>
    <dimen name="default_margin_2dp">2dp</dimen>
    <dimen name="default_margin_3dp">3dp</dimen>
    <dimen name="default_margin_4dp">4dp</dimen>
    <dimen name="default_margin_5dp">5dp</dimen>
    <dimen name="default_margin_8dp">8dp</dimen>
    <dimen name="default_margin_10dp">10dp</dimen>
    <dimen name="default_margin_11dp">11dp</dimen>
    <dimen name="default_margin_12dp">12dp</dimen>
    <dimen name="default_margin_15dp">15dp</dimen>
    <dimen name="default_margin_20dp">20dp</dimen>
    <dimen name="default_margin_21dp">21dp</dimen>
    <dimen name="default_margin_25dp">25dp</dimen>
    <dimen name="default_margin_28dp">28dp</dimen>
    <dimen name="default_margin_30dp">30dp</dimen>
    <dimen name="default_margin_35dp">35dp</dimen>
    <dimen name="default_margin_40dp">40dp</dimen>
    <dimen name="default_margin_50dp">50dp</dimen>
    <dimen name="default_margin_70dp">70dp</dimen>
    <dimen name="default_margin_80dp">80dp</dimen>
    <dimen name="default_margin_90dp">90dp</dimen>
    <dimen name="default_margin_100dp">100dp</dimen>
    <dimen name="default_margin_120dp">120dp</dimen>
    <dimen name="default_margin_150dp">150dp</dimen>
    <dimen name="default_margin_200dp">200dp</dimen>
    <dimen name="default_margin_300dp">300dp</dimen>

    <dimen name="text_size_30dp">30dp</dimen>

    <item format="float" type="dimen" name="alpha_dimmest" >0.8</item>
    <item format="float" type="dimen" name="alpha_dimmer">0.65</item>
    <item format="float" type="dimen" name="alpha_half_transparent">0.5</item>
    <item format="float" type="dimen" name="alpha_little_transparent">0.4</item>
    <item format="float" type="dimen" name="alpha_near_transparent">0.1</item>
</resources>
